[
  {
    "server": "YOUR SMTP",
    "port": 587,
    "secure": "TLS",
    "username": "YOUR USERNAME",
    "password": "PASSWORD",
    "from_mail": "YOUR FROM MAIL"
  },
  {
    "server": "YOUR SMTP",
    "port": 587,
    "secure": "TLS",
    "username": "YOUR USERNAME",
    "password": "PASSWORD",
    "from_mail": "YOUR FROM MAIL"
  },
  {
    "server": "YOUR SMTP",
    "port": 587,
    "secure": "TLS",
    "username": "YOUR USERNAME",
    "password": "PASSWORD",
    "from_mail": "YOUR FROM MAIL"
  },
  {
    "server": "YOUR SMTP",
    "port": 587,
    "secure": "TLS",
    "username": "YOUR USERNAME",
    "password": "PASSWORD",
    "from_mail": "YOUR FROM MAIL"
  },
  {
    "server": "YOUR SMTP",
    "port": 587,
    "secure": "TLS",
    "username": "YOUR USERNAME",
    "password": "PASSWORD",
    "from_mail": "YOUR FROM MAIL"
  }
]