[
  {
    "server": "smtp.mail.us-east-1.awsapps.com",
    "port": 465,
    "secure": "SSL",
    "username": "noreply@supportconnect.shop",
    "password": "11221122@Aa",
    "from_mail": "noreply@supportconnect.shop"
  },
  {
    "server": "smtp.mail.us-east-1.awsapps.com",
    "port": 465,
    "secure": "SSL",
    "username": "support@supportconnect.shop",
    "password": "11221122@Aa",
    "from_mail": "support@supportconnect.shop"
  },
  {
    "server": "smtp.mail.us-east-1.awsapps.com",
    "port": 465,
    "secure": "SSL",
    "username": "noreply1@supportconnect.shop",
    "password": "11221122@Aa",
    "from_mail": "noreply1@supportconnect.shop"
  },
  {
    "server": "smtp.mail.us-east-1.awsapps.com",
    "port": 465,
    "secure": "SSL",
    "username": "noreply2@supportconnect.shop",
    "password": "11221122@Aa",
    "from_mail": "noreply2@supportconnect.shop"
  },
  {
    "server": "smtp.mail.us-east-1.awsapps.com",
    "port": 465,
    "secure": "SSL",
    "username": "noreply3@supportconnect.shop",
    "password": "11221122@Aa",
    "from_mail": "noreply3@supportconnect.shop"
  }
]